,0
0,ETHBTC
1,LTCBTC
2,BNBBTC
3,NEOBTC
4,QTUMETH
5,EOSETH
6,SNTETH
7,BNTETH
8,BCCBTC
9,GASBTC
10,BNBETH
11,BTCUSDT
12,ETHUSDT
13,HSRBTC
14,OAXETH
15,DNTETH
16,MCOETH
17,ICNETH
18,MCOBTC
19,WTCBTC
20,WTCETH
21,LRCBTC
22,LRCETH
23,QTUMBTC
24,YOYOBTC
25,OMGBTC
26,OMGETH
27,ZRXBTC
28,ZRXETH
29,STRATBTC
30,STRATETH
31,SNGLSBTC
32,SNGLSETH
33,BQXBTC
34,BQXETH
35,KNCBTC
36,KNCETH
37,FUNBTC
38,FUNETH
39,SNMBTC
40,SNMETH
41,NEOETH
42,IOTABTC
43,IOTAETH
44,LINKBTC
45,LINKETH
46,XVGBTC
47,XVGETH
48,SALTBTC
49,SALTETH
50,MDABTC
51,MDAETH
52,MTLBTC
53,MTLETH
54,SUBBTC
55,SUBETH
56,EOSBTC
57,SNTBTC
58,ETCETH
59,ETCBTC
60,MTHBTC
61,MTHETH
62,ENGBTC
63,ENGETH
64,DNTBTC
65,ZECBTC
66,ZECETH
67,BNTBTC
68,ASTBTC
69,ASTETH
70,DASHBTC
71,DASHETH
72,OAXBTC
73,ICNBTC
74,BTGBTC
75,BTGETH
76,EVXBTC
77,EVXETH
78,REQBTC
79,REQETH
80,VIBBTC
81,VIBETH
82,HSRETH
83,TRXBTC
84,TRXETH
85,POWRBTC
86,POWRETH
87,ARKBTC
88,ARKETH
89,YOYOETH
90,XRPBTC
91,XRPETH
92,MODBTC
93,MODETH
94,ENJBTC
95,ENJETH
96,STORJBTC
97,STORJETH
98,BNBUSDT
99,VENBNB
100,YOYOBNB
101,POWRBNB
102,VENBTC
103,VENETH
104,KMDBTC
105,KMDETH
106,NULSBNB
107,RCNBTC
108,RCNETH
109,RCNBNB
110,NULSBTC
111,NULSETH
112,RDNBTC
113,RDNETH
114,RDNBNB
115,XMRBTC
116,XMRETH
117,DLTBNB
118,WTCBNB
119,DLTBTC
120,DLTETH
121,AMBBTC
122,AMBETH
123,AMBBNB
124,BCCETH
125,BCCUSDT
126,BCCBNB
127,BATBTC
128,BATETH
129,BATBNB
130,BCPTBTC
131,BCPTETH
132,BCPTBNB
133,ARNBTC
134,ARNETH
135,GVTBTC
136,GVTETH
137,CDTBTC
138,CDTETH
139,GXSBTC
140,GXSETH
141,NEOUSDT
142,NEOBNB
143,POEBTC
144,POEETH
145,QSPBTC
146,QSPETH
147,QSPBNB
148,BTSBTC
149,BTSETH
150,BTSBNB
151,XZCBTC
152,XZCETH
153,XZCBNB
154,LSKBTC
155,LSKETH
156,LSKBNB
157,TNTBTC
158,TNTETH
159,FUELBTC
160,FUELETH
161,MANABTC
162,MANAETH
163,BCDBTC
164,BCDETH
165,DGDBTC
166,DGDETH
167,IOTABNB
168,ADXBTC
169,ADXETH
170,ADXBNB
171,ADABTC
172,ADAETH
173,PPTBTC
174,PPTETH
175,CMTBTC
176,CMTETH
177,CMTBNB
178,XLMBTC
179,XLMETH
180,XLMBNB
181,CNDBTC
182,CNDETH
183,CNDBNB
184,LENDBTC
185,LENDETH
186,WABIBTC
187,WABIETH
188,WABIBNB
189,LTCETH
190,LTCUSDT
191,LTCBNB
192,TNBBTC
193,TNBETH
194,WAVESBTC
195,WAVESETH
196,WAVESBNB
197,GTOBTC
198,GTOETH
199,GTOBNB
200,ICXBTC
201,ICXETH
202,ICXBNB
203,OSTBTC
204,OSTETH
205,OSTBNB
206,ELFBTC
207,ELFETH
208,AIONBTC
209,AIONETH
210,AIONBNB
211,NEBLBTC
212,NEBLBNB
213,BRDBTC
214,BRDETH
215,BRDBNB
216,MCOBNB
217,EDOBTC
218,EDOETH
219,WINGSBTC
220,WINGSETH
221,NAVBTC
222,NAVETH
223,NAVBNB
224,LUNBTC
225,LUNETH
226,TRIGBTC
227,TRIGETH
228,TRIGBNB
229,APPCBTC
230,APPCETH
231,APPCBNB
232,VIBEBTC
233,VIBEETH
234,RLCBTC
235,RLCETH
236,RLCBNB
237,INSBTC
238,INSETH
239,PIVXBTC
240,PIVXBNB
241,IOSTBTC
242,IOSTETH
243,CHATBTC
244,CHATETH
245,STEEMBTC
246,STEEMETH
247,STEEMBNB
248,NANOBTC
249,NANOETH
250,NANOBNB
251,VIABTC
252,VIAETH
253,VIABNB
254,BLZBTC
255,BLZETH
256,BLZBNB
257,AEBTC
258,AEETH
259,AEBNB
260,RPXBTC
261,RPXETH
262,RPXBNB
263,NCASHBTC
264,NCASHETH
265,NCASHBNB
266,POABTC
267,POAETH
268,POABNB
269,ZILBTC
270,ZILETH
271,ZILBNB
272,ONTBTC
273,ONTETH
274,ONTBNB
275,STORMBTC
276,STORMETH
277,STORMBNB
278,QTUMBNB
279,QTUMUSDT
280,XEMBTC
281,XEMETH
282,XEMBNB
283,WANBTC
284,WANETH
285,WANBNB
286,WPRBTC
287,WPRETH
288,QLCBTC
289,QLCETH
290,SYSBTC
291,SYSETH
292,SYSBNB
293,QLCBNB
294,GRSBTC
295,GRSETH
296,ADAUSDT
297,ADABNB
298,CLOAKBTC
299,CLOAKETH
300,GNTBTC
301,GNTETH
302,GNTBNB
303,LOOMBTC
304,LOOMETH
305,LOOMBNB
306,XRPUSDT
307,BCNBTC
308,BCNETH
309,BCNBNB
310,REPBTC
311,REPBNB
312,BTCTUSD
313,TUSDBTC
314,ETHTUSD
315,TUSDETH
316,TUSDBNB
317,ZENBTC
318,ZENETH
319,ZENBNB
320,SKYBTC
321,SKYETH
322,SKYBNB
323,EOSUSDT
324,EOSBNB
325,CVCBTC
326,CVCETH
327,CVCBNB
328,THETABTC
329,THETAETH
330,THETABNB
331,XRPBNB
332,TUSDUSDT
333,IOTAUSDT
334,XLMUSDT
335,IOTXBTC
336,IOTXETH
337,QKCBTC
338,QKCETH
339,AGIBTC
340,AGIETH
341,AGIBNB
342,NXSBTC
343,NXSETH
344,NXSBNB
345,ENJBNB
346,DATABTC
347,DATAETH
348,ONTUSDT
349,TRXBNB
350,TRXUSDT
351,ETCUSDT
352,ETCBNB
353,ICXUSDT
354,SCBTC
355,SCETH
356,NPXSBTC
357,NPXSETH
358,VENUSDT
359,KEYBTC
360,KEYETH
361,NASBTC
362,NASETH
363,NASBNB
364,MFTBTC
365,MFTETH
366,MFTBNB
367,DENTBTC
368,DENTETH
369,ARDRBTC
370,ARDRETH
371,ARDRBNB
372,NULSUSDT
373,HOTBTC
374,HOTETH
375,VETBTC
376,VETETH
377,VETUSDT
378,VETBNB
379,DOCKBTC
380,DOCKETH
381,POLYBTC
382,POLYBNB
383,PHXBTC
384,PHXETH
385,PHXBNB
386,HCBTC
387,HCETH
388,GOBTC
389,GOBNB
390,PAXBTC
391,PAXBNB
392,PAXUSDT
393,PAXETH
394,RVNBTC
395,DCRBTC
396,DCRBNB
397,USDCBNB
398,MITHBTC
399,MITHBNB
400,BCHABCBTC
401,BCHSVBTC
402,BCHABCUSDT
403,BCHSVUSDT
404,BNBPAX
405,BTCPAX
406,ETHPAX
407,XRPPAX
408,EOSPAX
409,XLMPAX
410,RENBTC
411,RENBNB
412,BNBTUSD
413,XRPTUSD
414,EOSTUSD
415,XLMTUSD
416,BNBUSDC
417,BTCUSDC
418,ETHUSDC
419,XRPUSDC
420,EOSUSDC
421,XLMUSDC
422,USDCUSDT
423,ADATUSD
424,TRXTUSD
425,NEOTUSD
426,TRXXRP
427,XZCXRP
428,PAXTUSD
429,USDCTUSD
430,USDCPAX
431,LINKUSDT
432,LINKTUSD
433,LINKPAX
434,LINKUSDC
435,WAVESUSDT
436,WAVESTUSD
437,WAVESPAX
438,WAVESUSDC
439,BCHABCTUSD
440,BCHABCPAX
441,BCHABCUSDC
442,BCHSVTUSD
443,BCHSVPAX
444,BCHSVUSDC
445,LTCTUSD
446,LTCPAX
447,LTCUSDC
448,TRXPAX
449,TRXUSDC
450,BTTBTC
451,BTTBNB
452,BTTUSDT
453,BNBUSDS
454,BTCUSDS
455,USDSUSDT
456,USDSPAX
457,USDSTUSD
458,USDSUSDC
459,BTTPAX
460,BTTTUSD
461,BTTUSDC
462,ONGBNB
463,ONGBTC
464,ONGUSDT
465,HOTBNB
466,HOTUSDT
467,ZILUSDT
468,ZRXBNB
469,ZRXUSDT
470,FETBNB
471,FETBTC
472,FETUSDT
473,BATUSDT
474,XMRBNB
475,XMRUSDT
476,ZECBNB
477,ZECUSDT
478,ZECPAX
479,ZECTUSD
480,ZECUSDC
481,IOSTUSDT
482,CELRBNB
483,CELRBTC
484,CELRUSDT
485,ADAPAX
486,ADAUSDC
487,NEOPAX
488,NEOUSDC
489,DASHBNB
490,DASHUSDT
491,NANOUSDT
492,OMGBNB
493,OMGUSDT
494,THETAUSDT
495,ENJUSDT
496,MITHUSDT
497,MATICBNB
498,MATICBTC
499,MATICUSDT
500,ATOMBNB
501,ATOMBTC
502,ATOMUSDT
503,ATOMUSDC
504,ATOMPAX
505,ATOMTUSD
506,ETCUSDC
507,ETCPAX
508,ETCTUSD
509,BATUSDC
510,BATPAX
511,BATTUSD
512,PHBBNB
513,PHBBTC
514,PHBUSDC
515,PHBTUSD
516,PHBPAX
517,TFUELBNB
518,TFUELBTC
519,TFUELUSDT
520,TFUELUSDC
521,TFUELTUSD
522,TFUELPAX
523,ONEBNB
524,ONEBTC
525,ONEUSDT
526,ONETUSD
527,ONEPAX
528,ONEUSDC
529,FTMBNB
530,FTMBTC
531,FTMUSDT
532,FTMTUSD
533,FTMPAX
534,FTMUSDC
535,BTCBBTC
536,BCPTTUSD
537,BCPTPAX
538,BCPTUSDC
539,ALGOBNB
540,ALGOBTC
541,ALGOUSDT
542,ALGOTUSD
543,ALGOPAX
544,ALGOUSDC
545,USDSBUSDT
546,USDSBUSDS
547,GTOUSDT
548,GTOPAX
549,GTOTUSD
550,GTOUSDC
551,ERDBNB
552,ERDBTC
553,ERDUSDT
554,ERDPAX
555,ERDUSDC
556,DOGEBNB
557,DOGEBTC
558,DOGEUSDT
559,DOGEPAX
560,DOGEUSDC
561,DUSKBNB
562,DUSKBTC
563,DUSKUSDT
564,DUSKUSDC
565,DUSKPAX
566,BGBPUSDC
567,ANKRBNB
568,ANKRBTC
569,ANKRUSDT
570,ANKRTUSD
571,ANKRPAX
572,ANKRUSDC
573,ONTPAX
574,ONTUSDC
575,WINBNB
576,WINBTC
577,WINUSDT
578,WINUSDC
579,COSBNB
580,COSBTC
581,COSUSDT
582,TUSDBTUSD
583,NPXSUSDT
584,NPXSUSDC
585,COCOSBNB
586,COCOSBTC
587,COCOSUSDT
588,MTLUSDT
589,TOMOBNB
590,TOMOBTC
591,TOMOUSDT
592,TOMOUSDC
593,PERLBNB
594,PERLBTC
595,PERLUSDC
596,PERLUSDT
597,DENTUSDT
598,MFTUSDT
599,KEYUSDT
600,STORMUSDT
601,DOCKUSDT
602,WANUSDT
603,FUNUSDT
604,CVCUSDT
605,BTTTRX
606,WINTRX
607,CHZBNB
608,CHZBTC
609,CHZUSDT
610,BANDBNB
611,BANDBTC
612,BANDUSDT
613,BNBBUSD
614,BTCBUSD
615,BUSDUSDT
616,BEAMBNB
617,BEAMBTC
618,BEAMUSDT
619,XTZBNB
620,XTZBTC
621,XTZUSDT
622,RENUSDT
623,RVNUSDT
624,HCUSDT
625,HBARBNB
626,HBARBTC
627,HBARUSDT
628,NKNBNB
629,NKNBTC
630,NKNUSDT
631,XRPBUSD
632,ETHBUSD
633,BCHABCBUSD
634,LTCBUSD
635,LINKBUSD
636,ETCBUSD
637,STXBNB
638,STXBTC
639,STXUSDT
640,KAVABNB
641,KAVABTC
642,KAVAUSDT
643,BUSDNGN
644,BNBNGN
645,BTCNGN
646,ARPABNB
647,ARPABTC
648,ARPAUSDT
649,TRXBUSD
650,EOSBUSD
651,IOTXUSDT
652,RLCUSDT
653,MCOUSDT
654,XLMBUSD
655,ADABUSD
656,CTXCBNB
657,CTXCBTC
658,CTXCUSDT
659,BCHBNB
660,BCHBTC
661,BCHUSDT
662,BCHUSDC
663,BCHTUSD
664,BCHPAX
665,BCHBUSD
666,BTCRUB
667,ETHRUB
668,XRPRUB
669,BNBRUB
670,TROYBNB
671,TROYBTC
672,TROYUSDT
673,BUSDRUB
674,QTUMBUSD
675,VETBUSD
676,VITEBNB
677,VITEBTC
678,VITEUSDT
679,FTTBNB
680,FTTBTC
681,FTTUSDT
682,BTCTRY
683,BNBTRY
684,BUSDTRY
685,ETHTRY
686,XRPTRY
687,USDTTRY
688,USDTRUB
689,BTCEUR
690,ETHEUR
691,BNBEUR
692,XRPEUR
693,EURBUSD
694,EURUSDT
695,OGNBNB
696,OGNBTC
697,OGNUSDT
698,DREPBNB
699,DREPBTC
700,DREPUSDT
701,BULLUSDT
702,BULLBUSD
703,BEARUSDT
704,BEARBUSD
705,ETHBULLUSDT
706,ETHBULLBUSD
707,ETHBEARUSDT
708,ETHBEARBUSD
709,TCTBNB
710,TCTBTC
711,TCTUSDT
712,WRXBNB
713,WRXBTC
714,WRXUSDT
715,ICXBUSD
716,BTSUSDT
717,BTSBUSD
718,LSKUSDT
719,BNTUSDT
720,BNTBUSD
721,LTOBNB
722,LTOBTC
723,LTOUSDT
724,ATOMBUSD
725,DASHBUSD
726,NEOBUSD
727,WAVESBUSD
728,XTZBUSD
729,EOSBULLUSDT
730,EOSBULLBUSD
731,EOSBEARUSDT
732,EOSBEARBUSD
733,XRPBULLUSDT
734,XRPBULLBUSD
735,XRPBEARUSDT
736,XRPBEARBUSD
737,BATBUSD
738,ENJBUSD
739,NANOBUSD
740,ONTBUSD
741,RVNBUSD
742,STRATBUSD
743,STRATBNB
744,STRATUSDT
745,AIONBUSD
746,AIONUSDT
747,MBLBNB
748,MBLBTC
749,MBLUSDT
750,COTIBNB
751,COTIBTC
752,COTIUSDT
753,ALGOBUSD
754,BTTBUSD
755,TOMOBUSD
756,XMRBUSD
757,ZECBUSD
758,BNBBULLUSDT
759,BNBBULLBUSD
760,BNBBEARUSDT
761,BNBBEARBUSD
762,STPTBNB
763,STPTBTC
764,STPTUSDT
765,BTCZAR
766,ETHZAR
767,BNBZAR
768,USDTZAR
769,BUSDZAR
770,BTCBKRW
771,ETHBKRW
772,BNBBKRW
773,WTCUSDT
774,DATABUSD
775,DATAUSDT
776,XZCUSDT
777,SOLBNB
778,SOLBTC
779,SOLUSDT
780,SOLBUSD
781,BTCIDRT
782,BNBIDRT
783,USDTIDRT
784,BUSDIDRT
785,CTSIBTC
786,CTSIUSDT
787,CTSIBNB
788,CTSIBUSD
789,HIVEBNB
790,HIVEBTC
791,HIVEUSDT
792,CHRBNB
793,CHRBTC
794,CHRUSDT
795,BTCUPUSDT
796,BTCDOWNUSDT
797,GXSUSDT
798,ARDRUSDT
799,ERDBUSD
800,LENDUSDT
801,HBARBUSD
802,MATICBUSD
803,WRXBUSD
804,ZILBUSD
805,MDTBNB
806,MDTBTC
807,MDTUSDT
808,STMXBTC
809,STMXETH
810,STMXUSDT
811,KNCBUSD
812,KNCUSDT
813,REPBUSD
814,REPUSDT
815,LRCBUSD
816,LRCUSDT
817,IQBNB
818,IQBUSD
819,PNTBTC
820,PNTUSDT
821,BTCGBP
822,ETHGBP
823,XRPGBP
824,BNBGBP
825,GBPBUSD
826,DGBBTC
827,DGBBUSD
828,BTCUAH
829,USDTUAH
830,COMPBTC
831,COMPBNB
832,COMPBUSD
833,COMPUSDT
834,BTCBIDR
835,ETHBIDR
836,BNBBIDR
837,BUSDBIDR
838,USDTBIDR
839,BKRWUSDT
840,BKRWBUSD
841,SCUSDT
842,ZENUSDT
843,SXPBTC
844,SXPBNB
845,SXPBUSD
846,SNXBTC
847,SNXBNB
848,SNXBUSD
849,SNXUSDT
850,ETHUPUSDT
851,ETHDOWNUSDT
852,ADAUPUSDT
853,ADADOWNUSDT
854,LINKUPUSDT
855,LINKDOWNUSDT
856,VTHOBNB
857,VTHOBUSD
858,VTHOUSDT
859,DCRBUSD
860,DGBUSDT
861,GBPUSDT
862,STORJBUSD
863,SXPUSDT
864,IRISBNB
865,IRISBTC
866,IRISBUSD
867,MKRBNB
868,MKRBTC
869,MKRUSDT
870,MKRBUSD
871,DAIBNB
872,DAIBTC
873,DAIUSDT
874,DAIBUSD
875,RUNEBNB
876,RUNEBTC
877,RUNEBUSD
878,MANABUSD
879,DOGEBUSD
880,LENDBUSD
881,ZRXBUSD
882,DCRUSDT
883,STORJUSDT
884,XRPBKRW
885,ADABKRW
886,BTCAUD
887,ETHAUD
888,AUDBUSD
889,FIOBNB
890,FIOBTC
891,FIOBUSD
892,BNBUPUSDT
893,BNBDOWNUSDT
894,XTZUPUSDT
895,XTZDOWNUSDT
896,AVABNB
897,AVABTC
898,AVABUSD
899,USDTBKRW
900,BUSDBKRW
901,IOTABUSD
902,MANAUSDT
903,XRPAUD
904,BNBAUD
905,AUDUSDT
906,BALBNB
907,BALBTC
908,BALBUSD
909,YFIBNB
910,YFIBTC
911,YFIBUSD
912,YFIUSDT
913,BLZBUSD
914,KMDBUSD
915,BALUSDT
916,BLZUSDT
917,IRISUSDT
918,KMDUSDT
919,BTCDAI
920,ETHDAI
921,BNBDAI
922,USDTDAI
923,BUSDDAI
924,JSTBNB
925,JSTBTC
926,JSTBUSD
927,JSTUSDT
928,SRMBNB
929,SRMBTC
930,SRMBUSD
931,SRMUSDT
932,ANTBNB
933,ANTBTC
934,ANTBUSD
935,ANTUSDT
936,CRVBNB
937,CRVBTC
938,CRVBUSD
939,CRVUSDT
940,SANDBNB
941,SANDBTC
942,SANDUSDT
943,SANDBUSD
944,OCEANBNB
945,OCEANBTC
946,OCEANBUSD
947,OCEANUSDT
948,NMRBTC
949,NMRBUSD
950,NMRUSDT
951,DOTBNB
952,DOTBTC
953,DOTBUSD
954,DOTUSDT
955,LUNABNB
956,LUNABTC
957,LUNABUSD
958,LUNAUSDT
959,IDEXBTC
960,IDEXBUSD
961,RSRBNB
962,RSRBTC
963,RSRBUSD
964,RSRUSDT
965,PAXGBNB
966,PAXGBTC
967,PAXGBUSD
968,PAXGUSDT
969,WNXMBNB
970,WNXMBTC
971,WNXMBUSD
972,WNXMUSDT
973,TRBBNB
974,TRBBTC
975,TRBBUSD
976,TRBUSDT
977,ETHNGN
978,DOTBIDR
979,LINKAUD
980,SXPAUD
981,BZRXBNB
982,BZRXBTC
983,BZRXBUSD
984,BZRXUSDT
985,WBTCBTC
986,WBTCETH
987,SUSHIBNB
988,SUSHIBTC
989,SUSHIBUSD
990,SUSHIUSDT
991,YFIIBNB
992,YFIIBTC
993,YFIIBUSD
994,YFIIUSDT
995,KSMBNB
996,KSMBTC
997,KSMBUSD
998,KSMUSDT
999,EGLDBNB
1000,EGLDBTC
1001,EGLDBUSD
1002,EGLDUSDT
1003,DIABNB
1004,DIABTC
1005,DIABUSD
1006,DIAUSDT
1007,RUNEUSDT
1008,FIOUSDT
1009,UMABTC
1010,UMAUSDT
1011,EOSUPUSDT
1012,EOSDOWNUSDT
1013,TRXUPUSDT
1014,TRXDOWNUSDT
1015,XRPUPUSDT
1016,XRPDOWNUSDT
1017,DOTUPUSDT
1018,DOTDOWNUSDT
1019,SRMBIDR
1020,ONEBIDR
1021,LINKTRY
1022,USDTNGN
1023,BELBNB
1024,BELBTC
1025,BELBUSD
1026,BELUSDT
1027,WINGBNB
1028,WINGBTC
1029,SWRVBNB
1030,SWRVBUSD
1031,WINGBUSD
1032,WINGUSDT
1033,LTCUPUSDT
1034,LTCDOWNUSDT
1035,LENDBKRW
1036,SXPEUR
1037,CREAMBNB
1038,CREAMBUSD
1039,UNIBNB
1040,UNIBTC
1041,UNIBUSD
1042,UNIUSDT
1043,NBSBTC
1044,NBSUSDT
1045,OXTBTC
1046,OXTUSDT
1047,SUNBTC
1048,SUNUSDT
1049,AVAXBNB
1050,AVAXBTC
1051,AVAXBUSD
1052,AVAXUSDT
1053,HNTBTC
1054,HNTUSDT
1055,BAKEBNB
1056,BURGERBNB
1057,SXPBIDR
1058,LINKBKRW
1059,FLMBNB
1060,FLMBTC
1061,FLMBUSD
1062,FLMUSDT
1063,SCRTBTC
1064,SCRTETH
1065,CAKEBNB
1066,CAKEBUSD
1067,SPARTABNB
1068,UNIUPUSDT
1069,UNIDOWNUSDT
1070,ORNBTC
1071,ORNUSDT
1072,TRXNGN
1073,SXPTRY
1074,UTKBTC
1075,UTKUSDT
1076,XVSBNB
1077,XVSBTC
1078,XVSBUSD
1079,XVSUSDT
1080,ALPHABNB
1081,ALPHABTC
1082,ALPHABUSD
1083,ALPHAUSDT
1084,VIDTBTC
1085,VIDTBUSD
1086,AAVEBNB
1087,BTCBRL
1088,USDTBRL
1089,AAVEBTC
1090,AAVEETH
1091,AAVEBUSD
1092,AAVEUSDT
1093,AAVEBKRW
1094,NEARBNB
1095,NEARBTC
1096,NEARBUSD
1097,NEARUSDT
1098,SXPUPUSDT
1099,SXPDOWNUSDT
1100,DOTBKRW
1101,SXPGBP
1102,FILBNB
1103,FILBTC
1104,FILBUSD
1105,FILUSDT
1106,FILUPUSDT
1107,FILDOWNUSDT
1108,YFIUPUSDT
1109,YFIDOWNUSDT
1110,INJBNB
1111,INJBTC
1112,INJBUSD
1113,INJUSDT
1114,AERGOBTC
1115,AERGOBUSD
1116,LINKEUR
1117,ONEBUSD
1118,EASYETH
1119,AUDIOBTC
1120,AUDIOBUSD
1121,AUDIOUSDT
1122,CTKBNB
1123,CTKBTC
1124,CTKBUSD
1125,CTKUSDT
1126,BCHUPUSDT
1127,BCHDOWNUSDT
1128,BOTBTC
1129,BOTBUSD
1130,ETHBRL
1131,DOTEUR
1132,AKROBTC
1133,AKROUSDT
1134,KP3RBNB
1135,KP3RBUSD
1136,AXSBNB
1137,AXSBTC
1138,AXSBUSD
1139,AXSUSDT
1140,HARDBNB
1141,HARDBTC
1142,HARDBUSD
1143,HARDUSDT
1144,BNBBRL
1145,LTCEUR
1146,RENBTCBTC
1147,RENBTCETH
1148,DNTBUSD
1149,DNTUSDT
1150,SLPETH
1151,ADAEUR
1152,LTCNGN
1153,CVPETH
1154,CVPBUSD
1155,STRAXBTC
1156,STRAXETH
1157,STRAXBUSD
1158,STRAXUSDT
1159,FORBTC
1160,FORBUSD
1161,UNFIBNB
1162,UNFIBTC
1163,UNFIBUSD
1164,UNFIUSDT
1165,FRONTETH
1166,FRONTBUSD
1167,BCHABUSD
1168,ROSEBTC
1169,ROSEBUSD
1170,ROSEUSDT
1171,AVAXTRY
1172,BUSDBRL
1173,AVAUSDT
1174,SYSBUSD
1175,XEMUSDT
1176,HEGICETH
1177,HEGICBUSD
1178,AAVEUPUSDT
1179,AAVEDOWNUSDT
1180,PROMBNB
1181,PROMBUSD
1182,XRPBRL
1183,XRPNGN
1184,SKLBTC
1185,SKLBUSD
1186,SKLUSDT
1187,BCHEUR
1188,YFIEUR
1189,ZILBIDR
1190,SUSDBTC
1191,SUSDETH
1192,SUSDUSDT
1193,COVERETH
1194,COVERBUSD
1195,GLMBTC
1196,GLMETH
1197,GHSTETH
1198,GHSTBUSD
1199,SUSHIUPUSDT
1200,SUSHIDOWNUSDT
1201,XLMUPUSDT
1202,XLMDOWNUSDT
1203,LINKBRL
1204,LINKNGN
1205,LTCRUB
1206,TRXTRY
1207,XLMEUR
1208,DFETH
1209,DFBUSD
1210,GRTBTC
1211,GRTETH
1212,GRTUSDT
1213,JUVBTC
1214,JUVBUSD
1215,JUVUSDT
1216,PSGBTC
1217,PSGBUSD
1218,PSGUSDT
1219,BUSDBVND
1220,USDTBVND
1221,1INCHBTC
1222,1INCHUSDT
1223,REEFBTC
1224,REEFUSDT
1225,OGBTC
1226,OGUSDT
1227,ATMBTC
1228,ATMUSDT
1229,ASRBTC
1230,ASRUSDT
1231,CELOBTC
1232,CELOUSDT
1233,RIFBTC
1234,RIFUSDT
1235,CHZTRY
1236,XLMTRY
1237,LINKGBP
1238,GRTEUR
1239,BTCSTBTC
1240,BTCSTBUSD
1241,BTCSTUSDT
1242,TRUBTC
1243,TRUBUSD
1244,TRUUSDT
1245,DEXEETH
1246,DEXEBUSD
1247,EOSEUR
1248,LTCBRL
1249,USDCBUSD
1250,TUSDBUSD
1251,PAXBUSD
1252,CKBBTC
1253,CKBBUSD
1254,CKBUSDT
1255,TWTBTC
1256,TWTBUSD
1257,TWTUSDT
1258,FIROBTC
1259,FIROETH
1260,FIROUSDT
1261,BETHETH
1262,DOGEEUR
1263,DOGETRY
1264,DOGEAUD
1265,DOGEBRL
1266,DOTNGN
1267,PROSETH
1268,LITBTC
1269,LITBUSD
1270,LITUSDT
1271,BTCVAI
1272,BUSDVAI
1273,SFPBTC
1274,SFPBUSD
1275,SFPUSDT
1276,DOGEGBP
1277,DOTTRY
1278,FXSBTC
1279,FXSBUSD
1280,DODOBTC
1281,DODOBUSD
1282,DODOUSDT
1283,FRONTBTC
1284,EASYBTC
1285,CAKEBTC
1286,CAKEUSDT
1287,BAKEBUSD
1288,UFTETH
1289,UFTBUSD
1290,1INCHBUSD
1291,BANDBUSD
1292,GRTBUSD
1293,IOSTBUSD
1294,OMGBUSD
1295,REEFBUSD
1296,ACMBTC
1297,ACMBUSD
1298,ACMUSDT
1299,AUCTIONBTC
1300,AUCTIONBUSD
1301,PHABTC
1302,PHABUSD
1303,DOTGBP
1304,ADATRY
1305,ADABRL
1306,ADAGBP
1307,TVKBTC
1308,TVKBUSD
1309,BADGERBTC
1310,BADGERBUSD
1311,BADGERUSDT
1312,FISBTC
1313,FISBUSD
1314,FISUSDT
1315,DOTBRL
1316,ADAAUD
1317,HOTTRY
1318,EGLDEUR
1319,OMBTC
1320,OMBUSD
1321,OMUSDT
1322,PONDBTC
1323,PONDBUSD
1324,PONDUSDT
1325,DEGOBTC
1326,DEGOBUSD
1327,DEGOUSDT
1328,AVAXEUR
1329,BTTTRY
1330,CHZBRL
1331,UNIEUR
1332,ALICEBTC
1333,ALICEBUSD
1334,ALICEUSDT
1335,CHZBUSD
1336,CHZEUR
1337,CHZGBP
1338,BIFIBNB
1339,BIFIBUSD
1340,LINABTC
1341,LINABUSD
1342,LINAUSDT
1343,ADARUB
1344,ENJBRL
1345,ENJEUR
1346,MATICEUR
1347,NEOTRY
1348,PERPBTC
1349,PERPBUSD
1350,PERPUSDT
1351,RAMPBTC
1352,RAMPBUSD
1353,RAMPUSDT
1354,SUPERBTC
1355,SUPERBUSD
1356,SUPERUSDT
1357,CFXBTC
1358,CFXBUSD
1359,CFXUSDT
1360,ENJGBP
1361,EOSTRY
1362,LTCGBP
1363,LUNAEUR
1364,RVNTRY
1365,THETAEUR
1366,XVGBUSD
1367,EPSBTC
1368,EPSBUSD
1369,EPSUSDT
1370,AUTOBTC
1371,AUTOBUSD
1372,AUTOUSDT
1373,TKOBTC
1374,TKOBIDR
1375,TKOBUSD
1376,TKOUSDT
1377,PUNDIXETH
1378,PUNDIXUSDT
1379,BTTBRL
1380,BTTEUR
1381,HOTEUR
1382,WINEUR
1383,TLMBTC
1384,TLMBUSD
1385,TLMUSDT
1386,1INCHUPUSDT
1387,1INCHDOWNUSDT
1388,BTGBUSD
1389,BTGUSDT
1390,HOTBUSD
1391,BNBUAH
1392,ONTTRY
1393,VETEUR
1394,VETGBP
1395,WINBRL
1396,MIRBTC
1397,MIRBUSD
1398,MIRUSDT
1399,BARBTC
1400,BARBUSD
1401,BARUSDT
1402,FORTHBTC
1403,FORTHBUSD
1404,FORTHUSDT
1405,CAKEGBP
1406,DOGERUB
1407,HOTBRL
1408,WRXEUR
1409,EZBTC
1410,EZETH
1411,BAKEUSDT
1412,BURGERBUSD
1413,BURGERUSDT
1414,SLPBUSD
1415,SLPUSDT
1416,TRXAUD
1417,TRXEUR
1418,VETTRY
1419,SHIBUSDT
1420,SHIBBUSD
1421,ICPBTC
1422,ICPBNB
1423,ICPBUSD
1424,ICPUSDT
1425,BTCGYEN
1426,USDTGYEN
1427,SHIBEUR
1428,SHIBRUB
1429,ETCEUR
1430,ETCBRL
1431,DOGEBIDR
1432,ARBTC
1433,ARBNB
1434,ARBUSD
1435,ARUSDT
1436,POLSBTC
1437,POLSBNB
1438,POLSBUSD
1439,POLSUSDT
1440,MDXBTC
1441,MDXBNB
1442,MDXBUSD
1443,MDXUSDT
1444,MASKBNB
1445,MASKBUSD
1446,MASKUSDT
1447,LPTBTC
1448,LPTBNB
1449,LPTBUSD
1450,LPTUSDT
1451,ETHUAH
1452,MATICBRL
1453,SOLEUR
1454,SHIBBRL
1455,AGIXBTC
1456,ICPEUR
1457,MATICGBP
1458,SHIBTRY
1459,MATICBIDR
1460,MATICRUB
1461,NUBTC
1462,NUBNB
1463,NUBUSD
1464,NUUSDT
1465,XVGUSDT
1466,RLCBUSD
1467,CELRBUSD
1468,ATMBUSD
1469,ZENBUSD
1470,FTMBUSD
1471,THETABUSD
1472,WINBUSD
1473,KAVABUSD
1474,XEMBUSD
1475,ATABTC
1476,ATABNB
1477,ATABUSD
1478,ATAUSDT
1479,GTCBTC
1480,GTCBNB
1481,GTCBUSD
1482,GTCUSDT
1483,TORNBTC
1484,TORNBNB
1485,TORNBUSD
1486,TORNUSDT
1487,MATICTRY
1488,ETCGBP
1489,SOLGBP
1490,BAKEBTC
1491,COTIBUSD
1492,KEEPBTC
1493,KEEPBNB
1494,KEEPBUSD
1495,KEEPUSDT
1496,SOLTRY
1497,RUNEGBP
1498,SOLBRL
1499,SCBUSD
1500,CHRBUSD
1501,STMXBUSD
1502,HNTBUSD
1503,FTTBUSD
1504,DOCKBUSD
1505,ADABIDR
1506,ERNBNB
1507,ERNBUSD
1508,ERNUSDT
1509,KLAYBTC
1510,KLAYBNB
1511,KLAYBUSD
1512,KLAYUSDT
1513,RUNEEUR
1514,MATICAUD
1515,DOTRUB
1516,UTKBUSD
1517,IOTXBUSD
1518,PHAUSDT
1519,SOLRUB
1520,RUNEAUD
1521,BUSDUAH
1522,BONDBTC
1523,BONDBNB
1524,BONDBUSD
1525,BONDUSDT
1526,MLNBTC
1527,MLNBNB
1528,MLNBUSD
1529,MLNUSDT
1530,GRTTRY
1531,CAKEBRL
1532,ICPRUB
1533,DOTAUD
1534,AAVEBRL
1535,EOSAUD
1536,DEXEUSDT
1537,LTOBUSD
1538,ADXBUSD
1539,QUICKBTC
1540,QUICKBNB
1541,QUICKBUSD
1542,C98USDT
1543,C98BUSD
1544,C98BNB
1545,C98BTC
1546,CLVBTC
1547,CLVBNB
1548,CLVBUSD
1549,CLVUSDT
1550,QNTBTC
1551,QNTBNB
1552,QNTBUSD
1553,QNTUSDT
1554,FLOWBTC
1555,FLOWBNB
1556,FLOWBUSD
1557,FLOWUSDT
1558,XECBUSD
1559,AXSBRL
1560,AXSAUD
1561,TVKUSDT
1562,MINABTC
1563,MINABNB
1564,MINABUSD
1565,MINAUSDT
1566,RAYBNB
1567,RAYBUSD
1568,RAYUSDT
1569,FARMBTC
1570,FARMBNB
1571,FARMBUSD
1572,FARMUSDT
1573,ALPACABTC
1574,ALPACABNB
1575,ALPACABUSD
1576,ALPACAUSDT
1577,TLMTRY
1578,QUICKUSDT
1579,ORNBUSD
1580,MBOXBTC
1581,MBOXBNB
1582,MBOXBUSD
1583,MBOXUSDT
1584,VGXBTC
1585,VGXETH
1586,FORUSDT
1587,REQUSDT
1588,GHSTUSDT
1589,TRURUB
1590,FISBRL
1591,WAXPUSDT
1592,WAXPBUSD
1593,WAXPBNB
1594,WAXPBTC
1595,TRIBEBTC
1596,TRIBEBNB
1597,TRIBEBUSD
1598,TRIBEUSDT
1599,GNOUSDT
1600,GNOBUSD
1601,GNOBNB
1602,GNOBTC
1603,ARPATRY
1604,PROMBTC
1605,MTLBUSD
1606,OGNBUSD
1607,XECUSDT
1608,C98BRL
1609,SOLAUD
1610,XRPBIDR
1611,POLYBUSD
1612,ELFUSDT
1613,DYDXUSDT
1614,DYDXBUSD
1615,DYDXBNB
1616,DYDXBTC
1617,ELFBUSD
1618,POLYUSDT
1619,IDEXUSDT
1620,VIDTUSDT
1621,SOLBIDR
1622,AXSBIDR
1623,BTCUSDP
1624,ETHUSDP
1625,BNBUSDP
1626,USDPBUSD
1627,USDPUSDT
1628,GALAUSDT
1629,GALABUSD
1630,GALABNB
1631,GALABTC
1632,FTMBIDR
1633,ALGOBIDR
1634,CAKEAUD
1635,KSMAUD
1636,WAVESRUB
1637,SUNBUSD
1638,ILVUSDT
1639,ILVBUSD
1640,ILVBNB
1641,ILVBTC
1642,RENBUSD
1643,YGGUSDT
1644,YGGBUSD
1645,YGGBNB
1646,YGGBTC
1647,STXBUSD
1648,SYSUSDT
1649,DFUSDT
1650,SOLUSDC
1651,ARPARUB
1652,LTCUAH
1653,FETBUSD
1654,ARPABUSD
1655,LSKBUSD
1656,AVAXBIDR
1657,ALICEBIDR
1658,FIDAUSDT
1659,FIDABUSD
1660,FIDABNB
1661,FIDABTC
1662,DENTBUSD
1663,FRONTUSDT
1664,CVPUSDT
1665,AGLDBTC
1666,AGLDBNB
1667,AGLDBUSD
1668,AGLDUSDT
1669,RADBTC
1670,RADBNB
1671,RADBUSD
1672,RADUSDT
1673,UNIAUD
1674,HIVEBUSD
1675,STPTBUSD
1676,BETABTC
1677,BETABNB
1678,BETABUSD
1679,BETAUSDT
1680,SHIBAUD
1681,RAREBTC
1682,RAREBNB
1683,RAREBUSD
1684,RAREUSDT
1685,AVAXBRL
1686,AVAXAUD
1687,LUNAAUD
1688,TROYBUSD
1689,AXSETH
1690,FTMETH
1691,SOLETH
1692,SSVBTC
1693,SSVETH
1694,LAZIOTRY
1695,LAZIOEUR
1696,LAZIOBTC
1697,LAZIOUSDT
1698,CHESSBTC
1699,CHESSBNB
1700,CHESSBUSD
1701,CHESSUSDT
1702,FTMAUD
1703,FTMBRL
1704,SCRTBUSD
1705,ADXUSDT
1706,AUCTIONUSDT
1707,CELOBUSD
1708,FTMRUB
1709,NUAUD
1710,NURUB
1711,REEFTRY
1712,REEFBIDR
1713,SHIBDOGE
1714,DARUSDT
1715,DARBUSD
1716,DARBNB
1717,DARBTC
1718,BNXBTC
1719,BNXBNB
1720,BNXBUSD
1721,BNXUSDT
1722,RGTUSDT
1723,RGTBTC
1724,RGTBUSD
1725,RGTBNB
1726,LAZIOBUSD
1727,OXTBUSD
1728,MANATRY
1729,ALGORUB
1730,SHIBUAH
1731,LUNABIDR
1732,AUDUSDC
1733,MOVRBTC
1734,MOVRBNB
1735,MOVRBUSD
1736,MOVRUSDT
1737,CITYBTC
1738,CITYBNB
1739,CITYBUSD
1740,CITYUSDT
1741,ENSBTC
1742,ENSBNB
1743,ENSBUSD
1744,ENSUSDT
1745,SANDETH
1746,DOTETH
1747,MATICETH
1748,ANKRBUSD
1749,SANDTRY
1750,MANABRL
1751,KP3RUSDT
1752,QIUSDT
1753,QIBUSD
1754,QIBNB
1755,QIBTC
1756,PORTOBTC
1757,PORTOUSDT
1758,PORTOTRY
1759,PORTOEUR
1760,POWRUSDT
1761,POWRBUSD
1762,AVAXETH
1763,SLPTRY
1764,FISTRY
1765,LRCTRY
1766,CHRETH
1767,FISBIDR
1768,VGXUSDT
1769,GALAETH
1770,JASMYUSDT
1771,JASMYBUSD
1772,JASMYBNB
1773,JASMYBTC
1774,AMPBTC
1775,AMPBNB
1776,AMPBUSD
1777,AMPUSDT
1778,PLABTC
1779,PLABNB
1780,PLABUSD
1781,PLAUSDT
1782,PYRBTC
1783,PYRBUSD
1784,PYRUSDT
1785,RNDRBTC
1786,RNDRUSDT
1787,RNDRBUSD
1788,ALCXBTC
1789,ALCXBUSD
1790,ALCXUSDT
1791,SANTOSBTC
1792,SANTOSUSDT
1793,SANTOSBRL
1794,SANTOSTRY
1795,MCBTC
1796,MCBUSD
1797,MCUSDT
1798,BELTRY
1799,COCOSBUSD
1800,DENTTRY
1801,ENJTRY
1802,NEORUB
1803,SANDAUD
1804,SLPBIDR
1805,ANYBTC
1806,ANYBUSD
1807,ANYUSDT
1808,BICOBTC
1809,BICOBUSD
1810,BICOUSDT
1811,FLUXBTC
1812,FLUXBUSD
1813,FLUXUSDT
1814,ALICETRY
1815,FXSUSDT
1816,GALABRL
1817,GALATRY
1818,LUNATRY
1819,REQBUSD
1820,SANDBRL
1821,MANABIDR
1822,SANDBIDR
1823,VOXELBTC
1824,VOXELBNB
1825,VOXELBUSD
1826,VOXELUSDT
1827,COSBUSD
1828,CTXCBUSD
1829,FTMTRY
1830,MANABNB
1831,MINATRY
1832,XTZTRY
1833,HIGHBTC
1834,HIGHBUSD
1835,HIGHUSDT
1836,CVXBTC
1837,CVXBUSD
1838,CVXUSDT
1839,PEOPLEBTC
1840,PEOPLEBUSD
1841,PEOPLEUSDT
1842,OOKIBUSD
1843,OOKIUSDT
1844,COCOSTRY
1845,GXSBNB
1846,LINKBNB
1847,LUNAETH
1848,MDTBUSD
1849,NULSBUSD
1850,SPELLBTC
1851,SPELLUSDT
1852,SPELLBUSD
1853,USTBTC
1854,USTBUSD
1855,USTUSDT
1856,JOEBTC
1857,JOEBUSD
1858,JOEUSDT
1859,ATOMETH
1860,DUSKBUSD
1861,EGLDETH
1862,ICPETH
1863,LUNABRL
1864,LUNAUST
1865,NEARETH
1866,ROSEBNB
1867,VOXELETH
1868,ALICEBNB
1869,ATOMTRY
1870,ETHUST
1871,GALAAUD
1872,LRCBNB
1873,ONEETH
1874,OOKIBNB
1875,ACHBTC
1876,ACHBUSD
1877,ACHUSDT
1878,IMXBTC
1879,IMXBUSD
1880,IMXUSDT
1881,GLMRBTC
1882,GLMRBUSD
1883,GLMRUSDT
1884,ATOMBIDR
1885,DYDXETH
1886,FARMETH
1887,FORBNB
1888,ICPTRY
1889,JASMYETH
1890,LINABNB
1891,OOKIETH
1892,ROSEETH
1893,UMABUSD
1894,UNIETH
1895,XTZETH
1896,LOKABTC
1897,LOKABNB
1898,LOKABUSD
1899,LOKAUSDT
1900,ATOMBRL
1901,BNBUST
1902,CRVETH
1903,HIGHBNB
1904,NEARRUB
1905,ROSETRY
1906,SCRTUSDT
1907,API3BTC
1908,API3BUSD
1909,API3USDT
1910,BTTCUSDT
1911,BTTCUSDC
1912,BTTCTRY
1913,ACABTC
1914,ACABUSD
1915,ACAUSDT
1916,ANCBTC
1917,ANCBUSD
1918,ANCUSDT
1919,BDOTDOT
1920,XNOBTC
1921,XNOETH
1922,XNOBUSD
1923,XNOUSDT
1924,COSTRY
1925,KAVAETH
1926,MCBNB
1927,ONETRY
1928,WOOBTC
1929,WOOBNB
1930,WOOBUSD
1931,WOOUSDT
1932,CELRETH
1933,PEOPLEBNB
1934,SLPBNB
1935,SPELLBNB
1936,SPELLTRY
1937,TFUELBUSD
1938,AXSTRY
1939,DARTRY
1940,NEARTRY
1941,IDEXBNB
1942,ALPINEEUR
1943,ALPINETRY
1944,ALPINEUSDT
1945,ALPINEBTC
1946,TUSDT
1947,TBUSD
1948,API3BNB
1949,BETAETH
1950,INJTRY
1951,TLMBNB
1952,ASTRBUSD
1953,ASTRUSDT
1954,API3TRY
1955,GLMRBNB
1956,MBOXTRY
1957,NBTBIDR
1958,NBTUSDT
1959,GMTBTC
1960,GMTBNB
1961,GMTBUSD
1962,GMTUSDT
1963,ANCBNB
1964,ATOMEUR
1965,GALAEUR
1966,KSMETH
1967,UMATRY
1968,KDABTC
1969,KDABUSD
1970,KDAUSDT
1971,APEUSDT
1972,APEBUSD
1973,APEBTC
1974,ALPINEBUSD
1975,LUNAGBP
1976,NEAREUR
1977,TWTTRY
1978,WAVESEUR
1979,APEEUR
1980,APEGBP
1981,APETRY
1982,BSWUSDT
1983,BSWBUSD
1984,BSWBNB
1985,APEBNB
1986,GMTBRL
1987,GMTETH
1988,JASMYTRY
1989,SANTOSBUSD
1990,APEAUD
1991,BIFIUSDT
1992,GMTEUR
1993,IMXBNB
1994,RUNEETH
1995,AVAXGBP
1996,MULTIBTC
1997,MULTIBUSD
1998,MULTIUSDT
1999,APEETH
2000,BSWETH
2001,FILTRY
2002,FTMEUR
2003,GMTGBP
2004,ZILTRY
2005,GMTTRY
2006,WAVESTRY
2007,BTCUST
2008,ASTRBTC
2009,ASTRETH
2010,BSWTRY
2011,FTTETH
2012,FUNBNB
2013,PORTOBUSD
2014,STEEMUSDT
2015,ZILEUR
2016,APEBRL
2017,AUDIOTRY
2018,BTTCBUSD
2019,GMTAUD
2020,MBLBUSD
2021,MOBUSDT
2022,MOBBUSD
2023,MOBBTC
2024,NEXOUSDT
2025,NEXOBUSD
2026,NEXOBTC
2027,REIUSDT
2028,REIBNB
2029,REIETH
